firstName,lastName,email,sex,birthday
Branchles,Flanagan,mmcdonald0@dagondesign.com,Male,4/11/2016
Ann,Fowler,afowler1@weebly.com,Female,7/23/2014
Wanda,West,wwest2@histats.com,Male,2/8/2016
Helen,Daniels,hdaniels3@rambler.ru,Female,12/9/2015
Deborah,Gonzales,dgonzales4@tiny.cc,Female,8/14/2014
Susan,Mason,smason5@cnet.com,Male,5/25/2016
Amanda,Wells,awells6@who.int,Male,10/20/2015
Sandra,Ramirez,sramirez7@apache.org,Female,5/29/2016
Shirley,Walker,swalker8@topsy.com,Male,2/15/2016
Pamela,Nichols,pnichols9@cnbc.com,Female,12/22/2014
Gloria,Owens,gowensa@auda.org.au,Male,1/8/2016
Jennifer,Rogers,jrogersb@gravatar.com,Male,6/15/2015
Diana,Wallace,dwallacec@purevolume.com,Male,2/25/2015
Evelyn,Brooks,ebrooksd@ocn.ne.jp,Female,6/30/2014
Margaret,Weaver,mweavere@go.com,Female,5/29/2015
Bonnie,Peters,bpetersf@ehow.com,Male,4/28/2015
Christine,Riley,crileyg@addtoany.com,Female,5/1/2015
Diana,Riley,drileyh@sakura.ne.jp,Female,5/29/2014
Betty,Walker,bwalkeri@nasa.gov,Female,4/2/2015
Catherine,Cruz,ccruzj@irs.gov,Male,10/25/2015
Rachel,Powell,rpowellk@1und1.de,Female,4/30/2016
Amanda,Medina,amedinal@howstuffworks.com,Male,4/23/2016
Robin,Hill,rhillm@xrea.com,Male,3/11/2014
Pamela,Williams,pwilliamsn@histats.com,Male,4/2/2016
Dorothy,Roberts,drobertso@youku.com,Male,3/26/2016
Julia,Garrett,jgarrettp@cam.ac.uk,Female,1/12/2015
Helen,Austin,haustinq@discuz.net,Female,4/21/2014
Katherine,Kelley,kkelleyr@biblegateway.com,Male,3/16/2016
Christine,Myers,cmyerss@bing.com,Female,6/4/2014
Denise,Greene,dgreenet@imdb.com,Female,5/26/2015
Catherine,Miller,cmilleru@unesco.org,Female,4/4/2015
Cynthia,Collins,ccollinsv@is.gd,Male,9/3/2015
Doris,Moreno,dmorenow@slideshare.net,Female,10/16/2014
Rachel,Riley,rrileyx@vimeo.com,Female,7/11/2014
Michelle,Ryan,mryany@aboutads.info,Female,11/25/2014
Phyllis,Simpson,psimpsonz@g.co,Male,3/21/2014
Melissa,Webb,mwebb10@wordpress.com,Female,3/26/2014
Norma,Dunn,ndunn11@rakuten.co.jp,Female,7/7/2015
Patricia,Fields,pfields12@gmpg.org,Male,8/8/2014
Michelle,Nguyen,mnguyen13@ucoz.ru,Male,7/16/2016
Lisa,Adams,ladams14@google.com.br,Male,7/8/2015
Janice,Montgomery,jmontgomery15@slideshare.net,Male,9/30/2016
Evelyn,Daniels,edaniels16@alibaba.com,Female,9/21/2015
Laura,Garcia,lgarcia17@imdb.com,Female,3/19/2016
Cheryl,Montgomery,cmontgomery18@t.co,Female,3/14/2015
Helen,Ryan,hryan19@mtv.com,Female,1/19/2016
Diane,Allen,dallen1a@telegraph.co.uk,Female,12/13/2015
Catherine,Wagner,cwagner1b@oakley.com,Female,2/7/2016
Ruby,Williamson,rwilliamson1c@ning.com,Male,11/5/2015
Virginia,Ortiz,vortiz1d@pbs.org,Female,8/2/2016
Lori,Rogers,lrogers1e@dedecms.com,Male,5/14/2015
Ruby,Johnson,rjohnson1f@sphinn.com,Female,8/6/2015
Rose,Lewis,rlewis1g@mtv.com,Male,6/26/2015
Janet,Chapman,jchapman1h@shareasale.com,Female,3/27/2014
Jane,Stevens,jstevens1i@mapquest.com,Male,3/7/2016
Wanda,Fox,wfox1j@xinhuanet.com,Male,6/28/2015
Paula,Fox,pfox1k@usda.gov,Female,8/24/2015
Paula,Pierce,ppierce1l@independent.co.uk,Male,2/10/2015
Kathryn,Harper,kharper1m@prnewswire.com,Male,8/19/2014
Kelly,Jenkins,kjenkins1n@ed.gov,Female,11/27/2014
Angela,Harper,aharper1o@gravatar.com,Female,5/31/2014
Mildred,Stevens,mstevens1p@craigslist.org,Male,12/30/2015
Julie,Cole,jcole1q@myspace.com,Female,6/25/2014
Theresa,Robertson,trobertson1r@eepurl.com,Female,8/22/2014
Christina,Martin,cmartin1s@mac.com,Male,11/18/2015
Carolyn,Torres,ctorres1t@examiner.com,Male,2/7/2015
Kimberly,Vasquez,kvasquez1u@diigo.com,Female,4/9/2016
Angela,Stone,astone1v@amazon.co.jp,Male,12/11/2015
Dorothy,Cunningham,dcunningham1w@senate.gov,Male,4/28/2016
Annie,Murphy,amurphy1x@foxnews.com,Male,6/21/2016
Andrea,Reynolds,areynolds1y@auda.org.au,Female,12/11/2014
Lillian,Carpenter,lcarpenter1z@163.com,Female,11/25/2015
Gloria,Olson,golson20@csmonitor.com,Male,6/7/2015
Elizabeth,Fowler,efowler21@qq.com,Male,8/1/2014
Jennifer,Jones,jjones22@ucla.edu,Female,8/24/2016
Kelly,Gibson,kgibson23@bravesites.com,Male,8/28/2016
Sandra,Hunt,shunt24@mit.edu,Male,8/6/2016
Carolyn,Bradley,cbradley25@yandex.ru,Male,12/22/2015
Janice,Hall,jhall26@usnews.com,Female,12/3/2014
Andrea,Kennedy,akennedy27@yellowpages.com,Male,1/12/2016
Diane,Jones,djones28@dot.gov,Male,8/8/2014
Karen,Rose,krose29@census.gov,Female,12/28/2015
Julie,Hamilton,jhamilton2a@furl.net,Female,4/26/2014
Beverly,Sims,bsims2b@pbs.org,Male,1/13/2016
Carolyn,Fuller,cfuller2c@census.gov,Male,11/27/2015
Deborah,Wilson,dwilson2d@bbb.org,Male,5/9/2016
Kathleen,Snyder,ksnyder2e@github.com,Female,6/18/2014
Mildred,Rivera,mrivera2f@dropbox.com,Female,6/2/2014
Emily,Lane,elane2g@printfriendly.com,Male,5/6/2014
Jane,Murray,jmurray2h@macromedia.com,Male,4/29/2015
Susan,Shaw,sshaw2i@free.fr,Female,11/28/2014
Lillian,Ross,lross2j@lycos.com,Male,5/3/2016
Lisa,Edwards,ledwards2k@unesco.org,Female,11/19/2014
Diana,Johnston,djohnston2l@de.vu,Female,11/1/2015
Sharon,Cunningham,scunningham2m@washington.edu,Male,10/18/2015
Mildred,Vasquez,mvasquez2n@oakley.com,Male,9/5/2016
Karen,Moreno,kmoreno2o@cisco.com,Male,6/13/2015
Maria,Ramirez,mramirez2p@stumbleupon.com,Female,6/6/2016
Stephanie,Mills,smills2q@aboutads.info,Male,10/3/2014
Diane,Washington,dwashington2r@unblog.fr,Male,2/25/2016
Michelle,Simmons,msimmons2s@ed.gov,Female,11/3/2014
Louise,Freeman,lfreeman2t@si.edu,Female,10/3/2014
Gloria,White,gwhite2u@mac.com,Female,7/13/2015
Debra,Nichols,dnichols2v@dailymail.co.uk,Female,8/22/2015
Betty,Graham,bgraham2w@ucsd.edu,Male,2/19/2016
Catherine,Tucker,ctucker2x@admin.ch,Female,2/10/2015
Ruth,Parker,rparker2y@surveymonkey.com,Male,8/31/2015
Amy,Lewis,alewis2z@about.com,Male,11/16/2015
Anna,Reid,areid30@furl.net,Female,7/30/2015
Teresa,Turner,tturner31@yahoo.com,Male,3/8/2015
Kimberly,Nichols,knichols32@myspace.com,Female,5/23/2016
Emily,Ray,eray33@mlb.com,Female,9/7/2014
Heather,Ramirez,hramirez34@purevolume.com,Male,4/1/2014
Amy,Robertson,arobertson35@apple.com,Female,3/4/2016
Judy,Fernandez,jfernandez36@comsenz.com,Female,5/9/2015
Mary,Hamilton,mhamilton37@com.com,Male,9/12/2015
Kelly,Cooper,kcooper38@hhs.gov,Male,10/27/2015
Susan,Scott,sscott39@usa.gov,Male,7/22/2014
Nancy,Hamilton,nhamilton3a@ucla.edu,Male,11/29/2014
Elizabeth,Gardner,egardner3b@whitehouse.gov,Male,9/27/2014
Julie,Lawrence,jlawrence3c@hhs.gov,Male,8/25/2015
Melissa,Thompson,mthompson3d@ustream.tv,Male,4/21/2014
Wanda,Graham,wgraham3e@homestead.com,Male,2/28/2015
Lori,Cruz,lcruz3f@simplemachines.org,Male,6/12/2014
Virginia,Evans,vevans3g@parallels.com,Female,9/23/2015
Rebecca,Payne,rpayne3h@angelfire.com,Female,4/22/2016
Teresa,Jacobs,tjacobs3i@whitehouse.gov,Male,4/27/2015
Nicole,Taylor,ntaylor3j@shinystat.com,Female,5/28/2015
Linda,Ray,lray3k@infoseek.co.jp,Female,11/8/2014
Jennifer,Hall,jhall3l@berkeley.edu,Male,9/9/2015
Betty,Harper,bharper3m@dailymotion.com,Female,9/3/2015
Helen,Jones,hjones3n@google.ru,Female,1/20/2015
Shirley,Vasquez,svasquez3o@blogger.com,Male,5/7/2016
Julie,Baker,jbaker3p@nps.gov,Male,6/13/2016
Katherine,Grant,kgrant3q@ox.ac.uk,Female,4/13/2016
Michelle,Shaw,mshaw3r@github.io,Female,5/28/2014
Lisa,Pierce,lpierce3s@eepurl.com,Male,9/10/2014
Mary,Simpson,msimpson3t@yale.edu,Male,3/3/2015
Linda,Jackson,ljackson3u@mysql.com,Male,1/14/2015
Ashley,Gonzalez,agonzalez3v@spiegel.de,Female,5/3/2015
Donna,Parker,dparker3w@mysql.com,Male,6/9/2016
Lillian,Adams,ladams3x@alibaba.com,Male,2/26/2016
Julia,Dean,jdean3y@shop-pro.jp,Male,8/20/2015
Robin,Bowman,rbowman3z@bigcartel.com,Female,1/10/2016
Gloria,Wright,gwright40@usgs.gov,Male,9/2/2014
Jane,Wheeler,jwheeler41@is.gd,Female,5/20/2015
Beverly,Harrison,bharrison42@cbsnews.com,Male,4/18/2015
Patricia,Thomas,pthomas43@weibo.com,Female,11/12/2015
Sarah,Jacobs,sjacobs44@mapy.cz,Male,4/19/2014
Marie,Mccoy,mmccoy45@sohu.com,Female,1/26/2016
Evelyn,Long,elong46@t-online.de,Male,3/31/2016
Cynthia,Hall,chall47@tamu.edu,Male,7/31/2016
Anne,Butler,abutler48@ifeng.com,Female,2/26/2016
Irene,Ryan,iryan49@hhs.gov,Male,12/9/2014
Katherine,Austin,kaustin4a@mapy.cz,Male,1/27/2015
Lois,Stephens,lstephens4b@spiegel.de,Male,3/9/2014
Theresa,Taylor,ttaylor4c@squidoo.com,Female,1/1/2015
Anne,Kim,akim4d@csmonitor.com,Male,9/1/2014
Patricia,Perkins,pperkins4e@paginegialle.it,Male,4/14/2016
Jacqueline,Murray,jmurray4f@japanpost.jp,Female,2/3/2015
Irene,Cooper,icooper4g@japanpost.jp,Male,3/4/2016
Cheryl,Gonzalez,cgonzalez4h@mapquest.com,Female,12/30/2014
Betty,Fuller,bfuller4i@studiopress.com,Female,6/19/2016
Kimberly,Evans,kevans4j@tinypic.com,Female,1/4/2015
Bonnie,Coleman,bcoleman4k@dropbox.com,Male,3/31/2016
Lillian,Diaz,ldiaz4l@japanpost.jp,Female,8/31/2016
Judith,Taylor,jtaylor4m@dailymotion.com,Female,4/18/2014
Paula,Garrett,pgarrett4n@ucoz.com,Female,4/11/2014
Rose,Campbell,rcampbell4o@usgs.gov,Female,10/26/2014
Rebecca,Gardner,rgardner4p@blinklist.com,Male,8/30/2016
Nicole,West,nwest4q@bbb.org,Female,8/5/2014
Sara,Ray,sray4r@thetimes.co.uk,Female,8/13/2015
Mildred,Hudson,mhudson4s@amazon.de,Male,8/3/2014
Julia,Warren,jwarren4t@drupal.org,Male,11/8/2014
Catherine,Evans,cevans4u@mail.ru,Male,3/7/2015
Ruby,Ellis,rellis4v@nba.com,Female,11/1/2014
Wanda,Cruz,wcruz4w@thetimes.co.uk,Female,5/15/2015
Carol,Bryant,cbryant4x@nps.gov,Male,1/31/2015
Emily,Rodriguez,erodriguez4y@123-reg.co.uk,Male,3/9/2015
Karen,Hicks,khicks4z@imageshack.us,Male,4/6/2016
Rose,Gray,rgray50@apple.com,Male,2/28/2016
Annie,Howard,ahoward51@last.fm,Male,6/30/2016
Ruth,Berry,rberry52@barnesandnoble.com,Female,7/2/2016
Martha,Meyer,mmeyer53@diigo.com,Female,6/24/2014
Shirley,Jenkins,sjenkins54@engadget.com,Female,11/21/2014
Michelle,Castillo,mcastillo55@tumblr.com,Male,12/3/2015
Jessica,Burton,jburton56@nbcnews.com,Female,3/6/2015
Heather,Thompson,hthompson57@google.cn,Female,6/1/2016
Helen,Thompson,hthompson58@huffingtonpost.com,Male,10/7/2015
Bonnie,Harris,bharris59@nytimes.com,Male,10/6/2015
Lillian,Smith,lsmith5a@gmpg.org,Female,10/12/2015
Diane,Bennett,dbennett5b@hud.gov,Male,11/12/2015
Lois,Price,lprice5c@theguardian.com,Male,4/3/2014
Melissa,Gibson,mgibson5d@oakley.com,Male,8/23/2014
Amanda,Austin,aaustin5e@wordpress.org,Female,9/7/2016
Jean,Ortiz,jortiz5f@rambler.ru,Male,5/13/2014
Laura,Watson,lwatson5g@illinois.edu,Male,6/19/2016
Phyllis,Fernandez,pfernandez5h@bloomberg.com,Male,4/27/2016
Patricia,Hudson,phudson5i@chronoengine.com,Female,10/12/2015
Lillian,Harrison,lharrison5j@delicious.com,Male,4/3/2015
Tina,Owens,towens5k@kickstarter.com,Female,8/1/2014
Martha,Tucker,mtucker5l@reddit.com,Female,10/29/2015
Brenda,Owens,bowens5m@usda.gov,Female,12/27/2014
Margaret,Hall,mhall5n@meetup.com,Female,3/1/2015
Sandra,Perry,sperry5o@histats.com,Male,5/23/2016
Janet,Sanchez,jsanchez5p@4shared.com,Male,9/24/2014
Donna,Olson,dolson5q@eventbrite.com,Male,6/16/2016
Diane,Fields,dfields5r@thetimes.co.uk,Male,11/9/2015
Ann,Harvey,aharvey5s@people.com.cn,Male,10/1/2014
Amanda,Nichols,anichols5t@nps.gov,Male,1/10/2016
Ashley,Palmer,apalmer5u@163.com,Male,9/6/2015
Sandra,White,swhite5v@twitter.com,Male,11/7/2014
Patricia,Marshall,pmarshall5w@pbs.org,Female,7/8/2015
Kimberly,Stanley,kstanley5x@privacy.gov.au,Female,6/1/2015
Wanda,Wagner,wwagner5y@discovery.com,Female,8/21/2015
Janice,Olson,jolson5z@de.vu,Male,10/1/2014
Sandra,Vasquez,svasquez60@tmall.com,Female,8/3/2015
Amanda,Duncan,aduncan61@nih.gov,Male,4/18/2014
Angela,Rogers,arogers62@illinois.edu,Male,12/26/2014
Heather,Ramos,hramos63@ucoz.ru,Female,5/6/2016
Andrea,Robinson,arobinson64@vinaora.com,Female,1/20/2016
Ann,Burke,aburke65@youtube.com,Female,10/30/2015
Jane,Flores,jflores66@bluehost.com,Male,3/28/2015
Evelyn,Greene,egreene67@com.com,Female,7/13/2015
Katherine,Ortiz,kortiz68@netlog.com,Male,6/25/2014
Ruby,Chapman,rchapman69@infoseek.co.jp,Male,1/15/2015
Wanda,Garrett,wgarrett6a@shutterfly.com,Male,12/5/2015
Marie,Hanson,mhanson6b@tripadvisor.com,Male,1/31/2015
Kathryn,Dean,kdean6c@vistaprint.com,Male,4/22/2014
Amy,Martin,amartin6d@w3.org,Female,10/6/2015
Judy,Weaver,jweaver6e@behance.net,Female,2/23/2016
Marie,Bailey,mbailey6f@businessweek.com,Female,11/10/2015
Tina,Robinson,trobinson6g@com.com,Female,4/21/2014
Kelly,Hansen,khansen6h@amazon.de,Female,1/12/2015
Amy,Ramos,aramos6i@elpais.com,Female,4/16/2016
Joyce,Ryan,jryan6j@china.com.cn,Male,4/28/2014
Jane,Collins,jcollins6k@weibo.com,Female,5/23/2016
Robin,Shaw,rshaw6l@qq.com,Male,8/27/2016
Evelyn,Duncan,eduncan6m@goodreads.com,Female,8/15/2016
Diana,Daniels,ddaniels6n@si.edu,Female,10/25/2014
Kathryn,Carter,kcarter6o@samsung.com,Female,11/15/2014
Sara,Gilbert,sgilbert6p@hud.gov,Male,7/21/2015
Karen,Miller,kmiller6q@google.fr,Female,3/23/2014
Kimberly,Payne,kpayne6r@biglobe.ne.jp,Male,2/3/2015
Teresa,Shaw,tshaw6s@cornell.edu,Male,1/29/2016
Kelly,Pierce,kpierce6t@zimbio.com,Male,6/4/2016
Kathleen,Lopez,klopez6u@vistaprint.com,Male,4/10/2014
Linda,Fields,lfields6v@wix.com,Male,8/7/2016
Sarah,Mills,smills6w@google.com.au,Female,9/8/2016
Janet,Lopez,jlopez6x@answers.com,Male,8/3/2015
Jane,Barnes,jbarnes6y@wikia.com,Female,10/2/2015
Virginia,Greene,vgreene6z@tumblr.com,Male,4/30/2015
Elizabeth,Lee,elee70@google.fr,Male,8/26/2015
Julia,Harvey,jharvey71@wikimedia.org,Female,6/26/2015
Andrea,Vasquez,avasquez72@tripod.com,Male,8/1/2016
Carolyn,Carr,ccarr73@skyrock.com,Female,1/18/2015
Jessica,Roberts,jroberts74@edublogs.org,Male,3/30/2016
Katherine,Welch,kwelch75@toplist.cz,Female,5/18/2015
Virginia,Campbell,vcampbell76@spotify.com,Male,7/14/2015
Louise,Larson,llarson77@sogou.com,Female,3/2/2016
Patricia,Henderson,phenderson78@europa.eu,Male,11/12/2015
Julie,Nichols,jnichols79@hp.com,Male,2/23/2015
Doris,Riley,driley7a@i2i.jp,Male,4/11/2016
Alice,Brooks,abrooks7b@npr.org,Male,7/10/2015
Judith,Evans,jevans7c@nsw.gov.au,Male,9/25/2014
Louise,Montgomery,lmontgomery7d@de.vu,Male,5/9/2016
Alice,Fox,afox7e@list-manage.com,Male,6/13/2015
Shirley,Mccoy,smccoy7f@jimdo.com,Male,8/25/2014
Deborah,Wilson,dwilson7g@google.co.uk,Female,1/10/2016
Helen,Bowman,hbowman7h@google.com.hk,Female,10/9/2015
Rose,Cox,rcox7i@usa.gov,Female,8/11/2015
Martha,Hayes,mhayes7j@mashable.com,Female,12/9/2015
Diana,Smith,dsmith7k@cnn.com,Female,9/11/2014
Wanda,Harris,wharris7l@bluehost.com,Female,1/17/2016
Dorothy,Baker,dbaker7m@homestead.com,Male,4/8/2015
Joan,Jenkins,jjenkins7n@chronoengine.com,Female,5/2/2015
Beverly,Jacobs,bjacobs7o@scribd.com,Male,9/7/2014
Barbara,Daniels,bdaniels7p@cloudflare.com,Female,3/22/2014
Nancy,Shaw,nshaw7q@disqus.com,Male,4/27/2015
Nicole,Carroll,ncarroll7r@constantcontact.com,Male,12/31/2014
Norma,Willis,nwillis7s@msn.com,Male,9/16/2015
Andrea,Andrews,aandrews7t@yellowbook.com,Female,6/16/2016
Annie,Holmes,aholmes7u@tumblr.com,Female,3/15/2016
Emily,Vasquez,evasquez7v@utexas.edu,Female,7/19/2016
Andrea,Morris,amorris7w@google.com.hk,Male,9/7/2016
Donna,Ford,dford7x@cbsnews.com,Male,4/10/2014
Doris,Miller,dmiller7y@china.com.cn,Female,4/24/2014
Donna,Mcdonald,dmcdonald7z@dedecms.com,Male,2/9/2015
Dorothy,Smith,dsmith80@istockphoto.com,Male,10/2/2015
Denise,Perkins,dperkins81@elpais.com,Male,6/14/2014
Carol,Fernandez,cfernandez82@arizona.edu,Male,11/28/2014
Laura,Jones,ljones83@comsenz.com,Female,4/20/2014
Doris,Carroll,dcarroll84@slashdot.org,Male,8/10/2016
Tammy,Roberts,troberts85@lycos.com,Male,9/29/2016
Cheryl,Scott,cscott86@bing.com,Male,6/22/2015
Judith,Bryant,jbryant87@usgs.gov,Male,3/6/2015
Karen,Howard,khoward88@list-manage.com,Male,4/1/2014
Susan,Banks,sbanks89@arizona.edu,Male,7/2/2014
Shirley,Frazier,sfrazier8a@japanpost.jp,Female,7/12/2016
Barbara,Rodriguez,brodriguez8b@nhs.uk,Male,3/22/2016
Heather,James,hjames8c@twitter.com,Female,3/10/2015
Ann,Montgomery,amontgomery8d@slashdot.org,Male,10/16/2014
Karen,Campbell,kcampbell8e@microsoft.com,Male,7/27/2015
Judy,Murphy,jmurphy8f@twitpic.com,Female,8/20/2016
Christine,Cook,ccook8g@telegraph.co.uk,Male,1/2/2016
Diane,Flores,dflores8h@answers.com,Male,12/18/2015
Patricia,West,pwest8i@xrea.com,Female,3/7/2014
Sara,Jacobs,sjacobs8j@techcrunch.com,Male,1/2/2016
Lois,Morrison,lmorrison8k@gravatar.com,Female,2/4/2016
Mildred,Robertson,mrobertson8l@addtoany.com,Female,9/13/2014
Judith,Campbell,jcampbell8m@independent.co.uk,Male,2/18/2015
Janice,Torres,jtorres8n@washington.edu,Female,2/6/2015
Janet,Hunter,jhunter8o@hhs.gov,Male,6/6/2016
Wanda,Gonzales,wgonzales8p@cmu.edu,Female,8/5/2016
Pamela,James,pjames8q@liveinternet.ru,Male,6/6/2014
Amanda,Barnes,abarnes8r@earthlink.net,Female,12/11/2014
Ashley,Little,alittle8s@ehow.com,Male,7/2/2016
Laura,Knight,lknight8t@rambler.ru,Female,3/10/2016
Elizabeth,Morgan,emorgan8u@woothemes.com,Male,10/31/2015
Debra,Harvey,dharvey8v@bloglovin.com,Female,10/1/2015
Jessica,Moore,jmoore8w@webs.com,Male,8/2/2014
Bonnie,Perkins,bperkins8x@disqus.com,Female,9/20/2014
Lillian,Gutierrez,lgutierrez8y@lycos.com,Male,4/24/2014
Frances,Perry,fperry8z@nifty.com,Male,12/14/2015
Jessica,Lawrence,jlawrence90@imageshack.us,Female,1/27/2016
Frances,Powell,fpowell91@paginegialle.it,Male,10/14/2014
Dorothy,Carpenter,dcarpenter92@sbwire.com,Female,5/8/2014
Dorothy,Miller,dmiller93@europa.eu,Male,2/20/2016
Susan,Reid,sreid94@cocolog-nifty.com,Male,7/24/2015
Tina,Campbell,tcampbell95@gravatar.com,Male,1/14/2015
Diana,Frazier,dfrazier96@csmonitor.com,Female,4/29/2016
Gloria,King,gking97@msu.edu,Female,5/28/2016
Patricia,Riley,priley98@businesswire.com,Female,4/14/2014
Lillian,Freeman,lfreeman99@sfgate.com,Male,7/29/2014
Deborah,Brooks,dbrooks9a@youku.com,Female,11/25/2014
Nancy,Garcia,ngarcia9b@slashdot.org,Female,4/22/2014
Jane,Flores,jflores9c@github.com,Male,4/4/2014
Melissa,Morrison,mmorrison9d@trellian.com,Male,5/17/2016
Margaret,Nguyen,mnguyen9e@globo.com,Male,5/31/2015
Robin,Armstrong,rarmstrong9f@accuweather.com,Female,11/17/2015
Gloria,Smith,gsmith9g@gravatar.com,Female,5/13/2016
Tina,Martinez,tmartinez9h@discuz.net,Male,2/15/2015
Dorothy,Cruz,dcruz9i@bandcamp.com,Female,9/25/2015
Kathy,Rodriguez,krodriguez9j@spiegel.de,Male,4/28/2014
Alice,Schmidt,aschmidt9k@ftc.gov,Female,3/23/2015
Cheryl,Reynolds,creynolds9l@quantcast.com,Female,10/21/2015
Joan,Martin,jmartin9m@netvibes.com,Female,1/20/2015
Jean,Andrews,jandrews9n@nationalgeographic.com,Male,9/17/2014
Angela,Bailey,abailey9o@addtoany.com,Female,8/14/2016
Annie,Morgan,amorgan9p@joomla.org,Male,2/22/2015
Dorothy,Sanchez,dsanchez9q@spiegel.de,Female,12/21/2014
Ruby,Ramos,rramos9r@amazon.de,Female,2/21/2016
Theresa,Olson,tolson9s@mozilla.com,Female,4/13/2015
Annie,Bennett,abennett9t@economist.com,Female,8/6/2015
Dorothy,Garza,dgarza9u@ucoz.com,Male,12/11/2015
Susan,Gray,sgray9v@rakuten.co.jp,Female,7/6/2015
Deborah,Cook,dcook9w@ox.ac.uk,Female,7/15/2014
Judy,Snyder,jsnyder9x@sina.com.cn,Female,4/24/2016
Jacqueline,Thomas,jthomas9y@sbwire.com,Female,9/7/2016
Karen,Wood,kwood9z@jiathis.com,Female,4/22/2014
Janet,Ross,jrossa0@answers.com,Female,2/12/2016
Christine,Howell,chowella1@nymag.com,Female,2/21/2015
Catherine,Fisher,cfishera2@mozilla.com,Male,8/24/2016
Pamela,Meyer,pmeyera3@earthlink.net,Female,2/19/2015
Nancy,Rodriguez,nrodrigueza4@nps.gov,Female,5/24/2016
Evelyn,Rogers,erogersa5@issuu.com,Male,9/20/2016
Cheryl,Peterson,cpetersona6@biblegateway.com,Male,8/17/2015
Shirley,Ellis,sellisa7@ucla.edu,Female,3/31/2014
Joyce,Campbell,jcampbella8@go.com,Male,12/25/2015
Margaret,Ray,mraya9@dell.com,Male,3/29/2015
Pamela,Smith,psmithaa@dedecms.com,Male,6/18/2016
Pamela,Grant,pgrantab@indiatimes.com,Female,5/11/2015
Jacqueline,Harper,jharperac@ebay.co.uk,Male,11/26/2014
Teresa,Reed,treedad@mit.edu,Male,7/21/2016
Tammy,Kim,tkimae@amazon.de,Female,3/18/2016
Cynthia,Boyd,cboydaf@ebay.co.uk,Female,1/13/2015
Anne,Young,ayoungag@cargocollective.com,Female,3/10/2014
Deborah,Cox,dcoxah@berkeley.edu,Male,7/25/2016
Tina,Richardson,trichardsonai@vimeo.com,Male,9/16/2015
Barbara,Harris,bharrisaj@cisco.com,Male,1/24/2015
Christina,Hayes,chayesak@a8.net,Male,8/23/2014
Maria,Washington,mwashingtonal@imageshack.us,Male,12/12/2015
Anna,Brown,abrownam@jigsy.com,Female,8/14/2016
Ann,Bell,abellan@imageshack.us,Male,6/22/2015
Dorothy,Watson,dwatsonao@delicious.com,Female,6/1/2014
Kathryn,Powell,kpowellap@twitter.com,Male,7/16/2015
Ruby,Long,rlongaq@issuu.com,Female,11/4/2015
Joyce,Allen,jallenar@google.ru,Female,7/11/2016
Katherine,Hughes,khughesas@t-online.de,Male,7/6/2014
Judith,Harvey,jharveyat@google.pl,Female,10/17/2014
Tina,Foster,tfosterau@wufoo.com,Male,7/30/2016
Paula,Hill,phillav@engadget.com,Female,8/22/2015
Tina,Sullivan,tsullivanaw@mayoclinic.com,Female,1/10/2015
Paula,Romero,promeroax@nps.gov,Female,1/1/2016
Jane,Collins,jcollinsay@xing.com,Female,9/28/2016
Jessica,Bryant,jbryantaz@lycos.com,Female,4/10/2014
Emily,Dixon,edixonb0@freewebs.com,Male,4/9/2015
Anne,Myers,amyersb1@t-online.de,Female,7/25/2016
Jennifer,Harvey,jharveyb2@google.com.br,Female,10/11/2014
Amanda,Burton,aburtonb3@meetup.com,Male,11/2/2014
Susan,Ray,srayb4@mail.ru,Female,12/14/2014
Laura,Frazier,lfrazierb5@dmoz.org,Female,12/16/2014
Janice,Fisher,jfisherb6@yahoo.co.jp,Female,8/21/2016
Phyllis,Alexander,palexanderb7@cbslocal.com,Male,1/14/2016
Patricia,Brooks,pbrooksb8@mozilla.com,Female,8/7/2015
Stephanie,Johnson,sjohnsonb9@youku.com,Male,4/16/2016
Nicole,Cruz,ncruzba@wikia.com,Male,11/11/2015
Carol,Duncan,cduncanbb@friendfeed.com,Female,9/20/2016
Doris,Mitchell,dmitchellbc@businessinsider.com,Male,3/11/2016
Elizabeth,Smith,esmithbd@shop-pro.jp,Female,3/26/2014
Tammy,Jordan,tjordanbe@bbc.co.uk,Female,6/7/2015
Margaret,Hunter,mhunterbf@squarespace.com,Male,4/25/2015
Ashley,Perez,aperezbg@cnbc.com,Female,9/26/2014
Judith,Sanchez,jsanchezbh@ebay.co.uk,Female,1/6/2015
Christine,Armstrong,carmstrongbi@utexas.edu,Male,10/25/2014
Joyce,Montgomery,jmontgomerybj@jimdo.com,Male,4/9/2014
Stephanie,Thomas,sthomasbk@google.ca,Male,7/1/2014
Kathy,Harrison,kharrisonbl@geocities.com,Female,6/4/2016
Catherine,Chavez,cchavezbm@weebly.com,Female,12/31/2014
Tina,Richardson,trichardsonbn@t-online.de,Female,4/14/2015
Theresa,Hill,thillbo@jiathis.com,Female,4/9/2016
Maria,Morgan,mmorganbp@wufoo.com,Male,11/28/2014
Virginia,Wright,vwrightbq@ft.com,Male,4/25/2016
Amy,Marshall,amarshallbr@illinois.edu,Female,4/15/2015
Catherine,Elliott,celliottbs@patch.com,Male,1/30/2015
Beverly,Chapman,bchapmanbt@sciencedaily.com,Female,5/15/2014
Linda,George,lgeorgebu@addtoany.com,Male,10/3/2015
Mildred,Martin,mmartinbv@ow.ly,Male,8/18/2016
Rose,Chapman,rchapmanbw@taobao.com,Male,6/4/2014
Michelle,Black,mblackbx@slate.com,Male,8/18/2016
Lillian,Nguyen,lnguyenby@nature.com,Male,9/12/2015
Judy,Watson,jwatsonbz@nationalgeographic.com,Male,3/15/2014
Beverly,Foster,bfosterc0@sogou.com,Female,3/14/2016
Kimberly,Garza,kgarzac1@illinois.edu,Male,8/12/2014
Maria,Williamson,mwilliamsonc2@shop-pro.jp,Male,2/3/2016
Joyce,Daniels,jdanielsc3@cam.ac.uk,Female,5/4/2015
Pamela,Wright,pwrightc4@multiply.com,Female,9/24/2015
Janet,Stone,jstonec5@godaddy.com,Female,2/23/2016
Cheryl,Ray,crayc6@51.la,Female,1/3/2015
Patricia,Rose,prosec7@taobao.com,Male,10/13/2014
Kathy,Frazier,kfrazierc8@fastcompany.com,Male,10/21/2014
Sarah,Lopez,slopezc9@canalblog.com,Female,12/10/2014
Nicole,Harrison,nharrisonca@furl.net,Female,12/31/2014
Amanda,Armstrong,aarmstrongcb@google.cn,Male,4/13/2016
Sharon,Edwards,sedwardscc@imgur.com,Male,8/20/2016
Margaret,Palmer,mpalmercd@techcrunch.com,Male,11/23/2014
Jacqueline,Mcdonald,jmcdonaldce@deviantart.com,Male,6/26/2014
Tammy,Burke,tburkecf@ucoz.com,Male,5/12/2016
Andrea,Bowman,abowmancg@jugem.jp,Male,7/4/2014
Frances,Butler,fbutlerch@jigsy.com,Male,9/7/2016
Judith,Welch,jwelchci@bravesites.com,Female,8/21/2016
Rose,Price,rpricecj@t.co,Male,4/2/2016
Ruby,Torres,rtorresck@yale.edu,Male,1/8/2016
Katherine,Hawkins,khawkinscl@who.int,Female,9/20/2015
Jessica,Schmidt,jschmidtcm@jiathis.com,Female,4/22/2015
Christina,Morgan,cmorgancn@gnu.org,Male,4/7/2016
Robin,Ramos,rramosco@netvibes.com,Female,2/5/2015
Pamela,Roberts,probertscp@timesonline.co.uk,Male,3/4/2014
Wanda,Morrison,wmorrisoncq@mashable.com,Male,9/20/2015
Joan,Harper,jharpercr@delicious.com,Male,5/7/2014
Tina,James,tjamescs@devhub.com,Male,3/2/2016
Cynthia,Hamilton,chamiltonct@wordpress.org,Female,9/1/2014
Joyce,Lopez,jlopezcu@pen.io,Male,6/4/2016
Judy,Walker,jwalkercv@slashdot.org,Female,10/5/2015
Marilyn,Parker,mparkercw@shinystat.com,Female,3/25/2014
Teresa,Miller,tmillercx@nbcnews.com,Female,8/20/2014
Katherine,Cox,kcoxcy@comsenz.com,Female,8/31/2014
Julia,Carpenter,jcarpentercz@jiathis.com,Male,11/21/2014
Michelle,Hawkins,mhawkinsd0@state.gov,Female,6/14/2014
Deborah,Jenkins,djenkinsd1@ihg.com,Male,3/5/2016
Theresa,Pierce,tpierced2@pcworld.com,Male,5/7/2014
Ruby,Green,rgreend3@indiegogo.com,Male,10/1/2014
Theresa,Williamson,twilliamsond4@tiny.cc,Female,5/9/2016
Nancy,Green,ngreend5@wordpress.org,Male,4/21/2014
Doris,Gilbert,dgilbertd6@live.com,Female,1/22/2016
Judy,Willis,jwillisd7@google.nl,Male,9/5/2016
Shirley,Payne,spayned8@booking.com,Female,4/15/2015
Kelly,Nguyen,knguyend9@google.nl,Female,9/10/2016
Margaret,Gray,mgrayda@livejournal.com,Female,11/25/2015
Robin,Brooks,rbrooksdb@xing.com,Male,3/26/2016
Ruby,Williamson,rwilliamsondc@msu.edu,Female,9/4/2016
Joyce,Nelson,jnelsondd@domainmarket.com,Female,6/19/2015
Beverly,Schmidt,bschmidtde@so-net.ne.jp,Male,4/22/2016
Melissa,Brooks,mbrooksdf@dailymotion.com,Female,12/25/2014
Donna,Spencer,dspencerdg@cdbaby.com,Male,10/21/2014
Christina,Cooper,ccooperdh@ucla.edu,Male,6/28/2015
Elizabeth,Mason,emasondi@google.co.uk,Male,7/21/2014
Teresa,Baker,tbakerdj@infoseek.co.jp,Female,4/1/2016
Gloria,Adams,gadamsdk@nasa.gov,Female,2/27/2015
Paula,West,pwestdl@friendfeed.com,Female,12/6/2014
Anna,Hudson,ahudsondm@umich.edu,Female,11/7/2015
Ashley,Hart,ahartdn@weather.com,Male,10/14/2014
Lois,Cole,lcoledo@guardian.co.uk,Male,1/28/2015
Rebecca,Russell,rrusselldp@army.mil,Male,10/7/2014
Rebecca,Weaver,rweaverdq@apache.org,Male,8/19/2016
Pamela,Oliver,poliverdr@tamu.edu,Female,9/20/2015
Helen,Rogers,hrogersds@addtoany.com,Male,9/8/2014
Martha,Cunningham,mcunninghamdt@plala.or.jp,Male,7/13/2015
Diane,Mason,dmasondu@w3.org,Male,6/10/2014
Joan,Dean,jdeandv@wunderground.com,Male,5/25/2016
Deborah,Rodriguez,drodriguezdw@ed.gov,Male,7/3/2016
Nicole,Lewis,nlewisdx@bloglovin.com,Female,4/12/2014
Margaret,Gibson,mgibsondy@jiathis.com,Male,8/12/2014
Tammy,Simpson,tsimpsondz@issuu.com,Female,10/29/2014
Julia,Bennett,jbennette0@blogspot.com,Female,6/5/2014
Alice,Chavez,achaveze1@apple.com,Female,4/22/2014
Betty,Gilbert,bgilberte2@list-manage.com,Male,4/5/2015
Angela,Hunter,ahuntere3@microsoft.com,Female,5/23/2014
Andrea,Lee,aleee4@twitpic.com,Male,4/14/2014
Helen,Snyder,hsnydere5@cyberchimps.com,Male,10/25/2014
Denise,Willis,dwillise6@google.ca,Male,11/27/2014
Diana,Mason,dmasone7@shutterfly.com,Male,10/8/2014
Irene,Lane,ilanee8@wsj.com,Female,9/27/2014
Diane,Gutierrez,dgutierreze9@timesonline.co.uk,Male,1/12/2015
Katherine,Diaz,kdiazea@desdev.cn,Male,7/11/2014
Laura,Reyes,lreyeseb@blog.com,Male,1/17/2015
Joan,Reyes,jreyesec@alexa.com,Female,8/12/2016
Evelyn,Harvey,eharveyed@homestead.com,Male,8/20/2014
Ruth,Nichols,rnicholsee@howstuffworks.com,Male,8/3/2014
Pamela,Myers,pmyersef@digg.com,Female,11/6/2014
Alice,Thomas,athomaseg@godaddy.com,Female,5/13/2014
Kathryn,Harris,kharriseh@edublogs.org,Female,1/8/2016
Ruth,Reed,rreedei@acquirethisname.com,Male,11/10/2014
Mary,Wheeler,mwheelerej@utexas.edu,Male,3/22/2015
Wanda,Wilson,wwilsonek@cisco.com,Male,11/19/2014
Tina,Wagner,twagnerel@skyrock.com,Male,9/18/2015
Stephanie,Kim,skimem@statcounter.com,Male,10/9/2015
Kathy,Gray,kgrayen@seesaa.net,Male,3/2/2016
Jean,Bailey,jbaileyeo@soup.io,Male,3/7/2014
Doris,Jenkins,djenkinsep@accuweather.com,Male,8/3/2016
Emily,Hernandez,ehernandezeq@nifty.com,Female,1/30/2015
Evelyn,Brooks,ebrookser@patch.com,Male,5/8/2016
Cheryl,Sims,csimses@kickstarter.com,Female,3/6/2015
Theresa,Nguyen,tnguyenet@amazon.co.jp,Male,4/29/2014
Gloria,Holmes,gholmeseu@jigsy.com,Male,6/19/2015
Christina,Scott,cscottev@twitpic.com,Female,11/4/2014
Beverly,Willis,bwillisew@free.fr,Female,9/30/2014
Anna,Vasquez,avasquezex@netlog.com,Male,8/27/2016
Ruth,Payne,rpayneey@t-online.de,Female,3/1/2015
Catherine,Collins,ccollinsez@mayoclinic.com,Male,8/15/2014
Melissa,Ellis,mellisf0@exblog.jp,Female,6/23/2014
Anne,Campbell,acampbellf1@telegraph.co.uk,Male,2/10/2016
Brenda,Stevens,bstevensf2@slideshare.net,Female,3/31/2016
Ashley,Wagner,awagnerf3@auda.org.au,Female,4/4/2014
Debra,James,djamesf4@time.com,Male,9/30/2014
Andrea,Collins,acollinsf5@state.gov,Male,3/19/2014
Theresa,Hart,thartf6@w3.org,Female,3/31/2014
Nancy,Pierce,npiercef7@howstuffworks.com,Male,11/20/2014
Jane,Ferguson,jfergusonf8@umich.edu,Female,4/28/2016
Christine,Black,cblackf9@youku.com,Female,1/10/2015
Amanda,Bishop,abishopfa@nifty.com,Female,5/15/2016
Helen,Bennett,hbennettfb@cmu.edu,Male,5/19/2016
Jane,Morgan,jmorganfc@cbsnews.com,Male,5/19/2014
Katherine,Carpenter,kcarpenterfd@jalbum.net,Female,11/17/2014
Susan,Turner,sturnerfe@ezinearticles.com,Male,1/31/2016
Pamela,Ray,prayff@dedecms.com,Female,2/1/2015
Katherine,Moreno,kmorenofg@samsung.com,Female,1/3/2016
Janet,Kelley,jkelleyfh@businesswire.com,Male,12/28/2014
Amy,Ramos,aramosfi@nasa.gov,Female,10/10/2015
Michelle,Berry,mberryfj@nytimes.com,Male,8/3/2016
Jennifer,Stanley,jstanleyfk@webmd.com,Female,7/28/2016
Lillian,Riley,lrileyfl@furl.net,Male,4/12/2015
Nicole,Ray,nrayfm@tinyurl.com,Male,1/19/2016
Robin,Gray,rgrayfn@zimbio.com,Female,8/5/2015
Louise,Mendoza,lmendozafo@histats.com,Male,12/4/2014
Sara,Allen,sallenfp@digg.com,Female,11/29/2014
Tammy,Cunningham,tcunninghamfq@toplist.cz,Male,7/14/2015
Maria,Alexander,malexanderfr@time.com,Female,1/9/2015
Lori,Crawford,lcrawfordfs@vk.com,Female,3/21/2014
Sara,Gardner,sgardnerft@howstuffworks.com,Female,11/9/2015
Jessica,Dunn,jdunnfu@addthis.com,Male,2/14/2015
Linda,Carter,lcarterfv@census.gov,Female,4/20/2015
Mary,Hunter,mhunterfw@cloudflare.com,Male,6/23/2015
Sarah,Simpson,ssimpsonfx@washington.edu,Female,9/27/2016
Rose,Andrews,randrewsfy@wordpress.com,Male,9/18/2014
Anne,Peterson,apetersonfz@illinois.edu,Male,12/17/2014
Virginia,Duncan,vduncang0@fastcompany.com,Female,5/25/2015
Beverly,Peterson,bpetersong1@dailymail.co.uk,Female,4/9/2016
Wanda,Phillips,wphillipsg2@freewebs.com,Female,7/29/2015
Joyce,Gutierrez,jgutierrezg3@weibo.com,Male,7/21/2016
Denise,Harvey,dharveyg4@issuu.com,Male,11/15/2015
Evelyn,West,ewestg5@moonfruit.com,Female,4/27/2014
Carol,Franklin,cfrankling6@toplist.cz,Male,6/22/2016
Emily,Morales,emoralesg7@businessweek.com,Female,4/29/2014
Janice,Robinson,jrobinsong8@cisco.com,Male,5/17/2014
Kathryn,Wood,kwoodg9@fc2.com,Male,2/27/2016
Sandra,Scott,sscottga@unicef.org,Female,5/30/2016
Sarah,Kelly,skellygb@ucoz.com,Male,7/28/2014
Margaret,Olson,molsongc@live.com,Male,5/23/2015
Stephanie,Banks,sbanksgd@tinypic.com,Female,4/13/2014
Julie,King,jkingge@jimdo.com,Male,4/2/2014
Deborah,Lee,dleegf@redcross.org,Female,2/2/2016
Judy,Pierce,jpiercegg@constantcontact.com,Male,3/6/2015
Tina,Smith,tsmithgh@scientificamerican.com,Male,7/12/2015
Rose,Kelly,rkellygi@last.fm,Male,9/24/2015
Dorothy,Gutierrez,dgutierrezgj@fema.gov,Male,7/17/2015
Heather,Shaw,hshawgk@disqus.com,Female,3/1/2015
Virginia,Nichols,vnicholsgl@mac.com,Female,3/9/2015
Laura,Russell,lrussellgm@wired.com,Male,3/2/2016
Betty,Bishop,bbishopgn@macromedia.com,Male,4/8/2016
Beverly,Sanchez,bsanchezgo@yellowbook.com,Female,3/10/2014
Tina,Miller,tmillergp@cnet.com,Male,11/5/2015
Nicole,Oliver,nolivergq@cnet.com,Female,3/3/2015
Marilyn,Flores,mfloresgr@google.de,Female,4/29/2016
Ruby,Alexander,ralexandergs@google.pl,Male,6/12/2014
Pamela,Bishop,pbishopgt@google.ru,Female,8/27/2014
Janet,Evans,jevansgu@ft.com,Male,10/30/2015
Laura,Sanders,lsandersgv@odnoklassniki.ru,Female,5/31/2014
Lillian,Dunn,ldunngw@tumblr.com,Female,12/8/2014
Annie,Alvarez,aalvarezgx@domainmarket.com,Male,5/30/2016
Sharon,Ellis,sellisgy@woothemes.com,Female,8/28/2014
Denise,Wood,dwoodgz@tamu.edu,Female,4/24/2016
Doris,Gray,dgrayh0@discuz.net,Male,7/22/2015
Norma,Romero,nromeroh1@biblegateway.com,Female,2/10/2015
Amy,Morgan,amorganh2@posterous.com,Male,7/27/2014
Deborah,Patterson,dpattersonh3@scientificamerican.com,Male,3/4/2016
Deborah,Collins,dcollinsh4@usa.gov,Female,3/19/2014
Nancy,Ward,nwardh5@howstuffworks.com,Female,5/13/2016
Susan,Robertson,srobertsonh6@nps.gov,Male,4/8/2016
Karen,Bishop,kbishoph7@patch.com,Male,8/26/2014
Evelyn,Franklin,efranklinh8@nps.gov,Female,3/25/2015
Theresa,Hawkins,thawkinsh9@ucla.edu,Male,9/18/2015
Shirley,Diaz,sdiazha@unesco.org,Female,11/14/2014
Karen,Russell,krussellhb@arizona.edu,Female,10/15/2014
Ruby,Grant,rgranthc@chicagotribune.com,Male,9/14/2016
Frances,Ray,frayhd@cnbc.com,Female,2/28/2015
Ann,Burke,aburkehe@businesswire.com,Male,4/9/2016
Sarah,Henry,shenryhf@biblegateway.com,Male,11/27/2015
Stephanie,Murphy,smurphyhg@noaa.gov,Female,3/6/2015
Lori,Davis,ldavishh@wordpress.com,Female,3/31/2016
Jacqueline,Cruz,jcruzhi@shutterfly.com,Female,5/28/2016
Sarah,Hunt,shunthj@edublogs.org,Female,10/13/2015
Elizabeth,Morris,emorrishk@wp.com,Female,6/17/2014
Helen,Wright,hwrighthl@cnet.com,Male,12/1/2014
Lillian,Ryan,lryanhm@parallels.com,Male,5/4/2014
Pamela,Chapman,pchapmanhn@psu.edu,Female,10/3/2014
Virginia,Snyder,vsnyderho@prweb.com,Female,1/1/2015
Teresa,Brown,tbrownhp@icio.us,Male,9/15/2016
Alice,Jordan,ajordanhq@icio.us,Male,6/26/2015
Susan,Ward,swardhr@loc.gov,Female,11/23/2015
Frances,Payne,fpaynehs@nasa.gov,Female,6/3/2014
Tina,Bishop,tbishopht@pinterest.com,Female,5/1/2014
Ruth,Howell,rhowellhu@indiatimes.com,Male,3/9/2014
Louise,Cook,lcookhv@desdev.cn,Male,9/26/2015
Irene,Harris,iharrishw@vimeo.com,Male,5/12/2016
Susan,Garza,sgarzahx@nationalgeographic.com,Male,1/1/2016
Carol,Gibson,cgibsonhy@instagram.com,Male,10/16/2014
Anne,Hanson,ahansonhz@scientificamerican.com,Female,12/8/2015
Janice,Kim,jkimi0@biblegateway.com,Male,2/2/2016
Janet,Rose,jrosei1@github.com,Female,8/4/2016
Lori,Boyd,lboydi2@zdnet.com,Male,6/6/2015
Teresa,Wilson,twilsoni3@dot.gov,Female,11/16/2014
Theresa,Hanson,thansoni4@sciencedirect.com,Female,9/14/2016
Deborah,Meyer,dmeyeri5@netvibes.com,Female,6/30/2015
Emily,Taylor,etaylori6@51.la,Male,9/13/2016
Phyllis,Shaw,pshawi7@comcast.net,Male,5/2/2016
Mary,Baker,mbakeri8@cmu.edu,Female,2/24/2016
Linda,Wells,lwellsi9@timesonline.co.uk,Male,12/23/2014
Margaret,Turner,mturneria@histats.com,Male,6/27/2014
Virginia,Berry,vberryib@bbc.co.uk,Female,11/8/2015
Elizabeth,Sanders,esandersic@whitehouse.gov,Male,11/20/2014
Jane,Bennett,jbennettid@sina.com.cn,Female,6/15/2015
Ruby,Parker,rparkerie@weather.com,Female,4/14/2015
Ruby,Young,ryoungif@upenn.edu,Female,1/17/2015
Norma,Kelly,nkellyig@smugmug.com,Female,11/16/2014
Christine,Hayes,chayesih@rediff.com,Female,5/23/2015
Angela,Day,adayii@pen.io,Male,8/26/2014
Donna,Griffin,dgriffinij@technorati.com,Male,11/3/2015
Mary,Murray,mmurrayik@google.cn,Female,2/5/2015
Kathleen,Collins,kcollinsil@usa.gov,Male,11/8/2014
Cynthia,Sullivan,csullivanim@ibm.com,Female,8/9/2014
Joan,Hill,jhillin@home.pl,Female,1/15/2016
Anne,Peters,apetersio@reverbnation.com,Female,6/28/2014
Betty,Cooper,bcooperip@aboutads.info,Female,2/6/2015
Emily,Gonzales,egonzalesiq@bandcamp.com,Male,8/13/2016
Annie,Larson,alarsonir@ft.com,Female,4/2/2015
Frances,Griffin,fgriffinis@bing.com,Male,3/4/2014
Beverly,Warren,bwarrenit@google.co.jp,Male,2/15/2015
Mildred,Cunningham,mcunninghamiu@dagondesign.com,Female,11/22/2015
Jane,Gonzales,jgonzalesiv@constantcontact.com,Male,11/3/2014
Robin,Ortiz,rortiziw@bluehost.com,Male,4/10/2015
Paula,Barnes,pbarnesix@sakura.ne.jp,Female,4/15/2015
Karen,Kennedy,kkennedyiy@skype.com,Male,12/5/2015
Marie,Elliott,melliottiz@blogspot.com,Male,9/16/2014
Judy,Morales,jmoralesj0@berkeley.edu,Male,10/16/2015
Nancy,Stone,nstonej1@tmall.com,Female,2/24/2015
Brenda,Boyd,bboydj2@instagram.com,Female,7/9/2016
Teresa,Hughes,thughesj3@irs.gov,Female,9/2/2015
Dorothy,Boyd,dboydj4@taobao.com,Female,7/30/2015
Laura,Jackson,ljacksonj5@cornell.edu,Female,4/29/2014
Sandra,Rice,sricej6@fotki.com,Male,2/26/2015
Mildred,Fowler,mfowlerj7@tripod.com,Female,7/29/2016
Sharon,Miller,smillerj8@psu.edu,Female,5/28/2015
Deborah,Bradley,dbradleyj9@1und1.de,Male,3/21/2016
Rachel,Elliott,relliottja@comsenz.com,Female,2/12/2016
Doris,Alexander,dalexanderjb@forbes.com,Male,7/29/2016
Ann,Lawrence,alawrencejc@mysql.com,Female,5/2/2016
Christine,Martin,cmartinjd@about.com,Male,3/6/2014
Patricia,Taylor,ptaylorje@adobe.com,Male,9/29/2014
Amy,Reynolds,areynoldsjf@ucoz.ru,Female,7/22/2015
Carolyn,Ward,cwardjg@newyorker.com,Male,9/6/2015
Virginia,Johnson,vjohnsonjh@etsy.com,Male,9/11/2015
Nancy,Ryan,nryanji@google.es,Female,1/4/2015
Beverly,Jenkins,bjenkinsjj@fema.gov,Female,7/27/2015
Teresa,Hunter,thunterjk@abc.net.au,Male,10/2/2016
Theresa,Montgomery,tmontgomeryjl@google.com.br,Male,8/30/2015
Karen,Butler,kbutlerjm@army.mil,Male,11/17/2014
Bonnie,Austin,baustinjn@amazon.co.jp,Male,1/25/2015
Marilyn,Johnston,mjohnstonjo@facebook.com,Male,1/6/2016
Denise,Vasquez,dvasquezjp@joomla.org,Male,8/3/2016
Jane,Kelly,jkellyjq@over-blog.com,Male,6/10/2016
Carol,Watkins,cwatkinsjr@indiegogo.com,Female,6/21/2014
Stephanie,Vasquez,svasquezjs@slate.com,Female,10/18/2015
Janet,Moreno,jmorenojt@imdb.com,Male,3/29/2015
Phyllis,Price,ppriceju@who.int,Female,11/2/2015
Katherine,Powell,kpowelljv@usatoday.com,Male,7/21/2015
Ashley,Ortiz,aortizjw@archive.org,Male,2/28/2015
Sharon,Garrett,sgarrettjx@nsw.gov.au,Female,11/30/2014
Pamela,Burns,pburnsjy@skyrock.com,Male,1/3/2015
Norma,Porter,nporterjz@illinois.edu,Male,7/30/2014
Melissa,Turner,mturnerk0@goo.ne.jp,Male,3/17/2016
Jessica,Johnston,jjohnstonk1@weebly.com,Female,10/31/2015
Kathy,Wood,kwoodk2@un.org,Male,12/16/2015
Kathleen,Bennett,kbennettk3@foxnews.com,Male,1/1/2016
Norma,Johnston,njohnstonk4@reverbnation.com,Male,3/20/2014
Katherine,Henderson,khendersonk5@hatena.ne.jp,Male,6/6/2016
Mildred,Hayes,mhayesk6@google.com.br,Male,7/2/2016
Virginia,Meyer,vmeyerk7@rediff.com,Male,11/9/2014
Tammy,White,twhitek8@topsy.com,Male,11/16/2014
Elizabeth,Washington,ewashingtonk9@w3.org,Male,3/28/2015
Janice,Pierce,jpierceka@boston.com,Male,4/6/2016
Julie,Fowler,jfowlerkb@google.es,Female,8/30/2014
Jennifer,Mitchell,jmitchellkc@w3.org,Male,6/30/2016
Heather,White,hwhitekd@yahoo.com,Female,5/24/2014
Melissa,Perry,mperryke@people.com.cn,Male,2/21/2015
Diane,Franklin,dfranklinkf@nhs.uk,Female,4/28/2014
Janice,Andrews,jandrewskg@columbia.edu,Male,2/9/2015
Cynthia,Thomas,cthomaskh@fc2.com,Female,12/17/2014
Deborah,Smith,dsmithki@utexas.edu,Male,3/22/2015
Sharon,Burton,sburtonkj@networksolutions.com,Female,9/25/2016
Phyllis,Meyer,pmeyerkk@newyorker.com,Male,10/15/2014
Jennifer,Patterson,jpattersonkl@nih.gov,Male,6/12/2014
Helen,Powell,hpowellkm@drupal.org,Female,10/23/2015
Betty,Porter,bporterkn@opera.com,Male,2/19/2016
Sandra,Torres,storresko@whitehouse.gov,Male,3/8/2016
Kimberly,Hudson,khudsonkp@prlog.org,Female,8/3/2015
Michelle,Richardson,mrichardsonkq@ebay.com,Male,9/23/2016
Alice,Crawford,acrawfordkr@ftc.gov,Male,4/13/2016
Debra,Lynch,dlynchks@bloomberg.com,Male,8/9/2016
Emily,Nichols,enicholskt@prlog.org,Female,11/10/2014
Joyce,Oliver,joliverku@mozilla.org,Male,5/6/2014
Janet,Castillo,jcastillokv@diigo.com,Male,6/19/2014
Kelly,Reed,kreedkw@elpais.com,Male,6/3/2015
Heather,Dean,hdeankx@yellowpages.com,Female,9/14/2015
Cynthia,Ruiz,cruizky@surveymonkey.com,Male,8/22/2014
Joyce,Moore,jmoorekz@eepurl.com,Female,12/8/2015
Ann,Bradley,abradleyl0@nba.com,Female,2/26/2016
Betty,Fernandez,bfernandezl1@stumbleupon.com,Male,2/9/2016
Alice,Sims,asimsl2@disqus.com,Male,3/17/2015
Annie,Johnston,ajohnstonl3@sina.com.cn,Male,3/4/2016
Marilyn,West,mwestl4@goo.ne.jp,Female,6/29/2016
Teresa,Little,tlittlel5@blogtalkradio.com,Female,2/24/2015
Helen,Weaver,hweaverl6@live.com,Male,3/3/2015
Janice,Foster,jfosterl7@theatlantic.com,Female,11/1/2014
Gloria,Brooks,gbrooksl8@sciencedaily.com,Female,9/4/2014
Rose,Nguyen,rnguyenl9@nature.com,Female,10/20/2014
Tina,Grant,tgrantla@deviantart.com,Female,7/22/2014
Kelly,Hamilton,khamiltonlb@example.com,Male,6/17/2015
Karen,Hunter,khunterlc@etsy.com,Female,4/11/2014
Julia,Young,jyoungld@usa.gov,Female,10/7/2015
Amy,Johnston,ajohnstonle@over-blog.com,Male,2/13/2015
Denise,Lynch,dlynchlf@booking.com,Female,1/16/2016
Heather,Sims,hsimslg@ask.com,Female,11/20/2015
Diane,Perkins,dperkinslh@google.cn,Male,5/11/2015
Julie,Brooks,jbrooksli@storify.com,Female,8/8/2014
Angela,Willis,awillislj@nasa.gov,Female,3/14/2016
Linda,Palmer,lpalmerlk@google.pl,Female,1/6/2015
Emily,Woods,ewoodsll@dedecms.com,Female,8/8/2014
Shirley,Robinson,srobinsonlm@chicagotribune.com,Female,8/15/2014
Kathryn,Moreno,kmorenoln@reference.com,Female,4/15/2016
Maria,Ryan,mryanlo@unesco.org,Male,9/28/2016
Ashley,West,awestlp@answers.com,Male,10/21/2015
Paula,Rogers,progerslq@tamu.edu,Male,9/7/2016
Laura,Black,lblacklr@networkadvertising.org,Female,12/20/2014
Theresa,Moore,tmoorels@zimbio.com,Female,7/20/2015
Rose,Cruz,rcruzlt@wikimedia.org,Female,1/11/2016
Janice,Perez,jperezlu@tiny.cc,Female,8/15/2015
Kathy,George,kgeorgelv@fema.gov,Male,3/13/2014
Jacqueline,Murray,jmurraylw@princeton.edu,Female,12/2/2014
Catherine,Wallace,cwallacelx@pbs.org,Female,1/21/2015
Susan,Stone,sstonely@goo.ne.jp,Female,4/5/2016
Joan,King,jkinglz@google.com.hk,Female,3/18/2014
Jane,Willis,jwillism0@4shared.com,Female,5/10/2016
Ann,Lee,aleem1@booking.com,Female,3/15/2016
Joyce,Cook,jcookm2@bravesites.com,Male,10/30/2015
Cheryl,Moreno,cmorenom3@dagondesign.com,Male,10/26/2015
Anne,Berry,aberrym4@ucla.edu,Female,7/25/2015
Judy,Williamson,jwilliamsonm5@wiley.com,Male,2/28/2016
Sandra,James,sjamesm6@china.com.cn,Female,9/9/2014
Michelle,Cooper,mcooperm7@vinaora.com,Male,5/28/2016
Doris,Lawrence,dlawrencem8@ehow.com,Male,1/14/2015
Tammy,Griffin,tgriffinm9@spotify.com,Female,9/27/2016
Cheryl,Peterson,cpetersonma@ucoz.com,Male,11/7/2015
Louise,Phillips,lphillipsmb@w3.org,Female,7/5/2016
Marilyn,Evans,mevansmc@netscape.com,Female,6/10/2015
Frances,Mccoy,fmccoymd@cyberchimps.com,Male,9/20/2015
Annie,Kennedy,akennedyme@t.co,Male,7/18/2016
Joyce,Ward,jwardmf@phpbb.com,Male,10/10/2014
Rachel,Ryan,rryanmg@shareasale.com,Male,8/23/2015
Marilyn,West,mwestmh@miitbeian.gov.cn,Male,12/10/2015
Anne,Garcia,agarciami@unesco.org,Female,3/10/2015
Melissa,Hunter,mhuntermj@go.com,Male,12/21/2015
Ruby,Cole,rcolemk@indiegogo.com,Female,7/8/2014
Ruby,Carroll,rcarrollml@state.gov,Male,9/18/2015
Ashley,Olson,aolsonmm@noaa.gov,Female,10/16/2014
Pamela,Nichols,pnicholsmn@qq.com,Male,8/6/2015
Dorothy,Garrett,dgarrettmo@wisc.edu,Female,10/29/2014
Jessica,Nichols,jnicholsmp@hugedomains.com,Female,3/6/2014
Robin,Walker,rwalkermq@amazon.com,Male,3/2/2016
Joyce,Rogers,jrogersmr@dmoz.org,Male,1/9/2016
Martha,Nelson,mnelsonms@baidu.com,Male,3/1/2016
Rachel,Robertson,rrobertsonmt@europa.eu,Female,4/29/2016
Jane,Lane,jlanemu@jigsy.com,Female,9/18/2014
Irene,Little,ilittlemv@mtv.com,Male,10/4/2014
Tammy,Grant,tgrantmw@newsvine.com,Female,12/18/2014
Jacqueline,Powell,jpowellmx@linkedin.com,Female,2/20/2015
Jane,Dean,jdeanmy@blogger.com,Female,8/22/2015
Joan,Walker,jwalkermz@opera.com,Male,1/2/2016
Anne,Weaver,aweavern0@de.vu,Female,5/2/2016
Brenda,Rodriguez,brodriguezn1@adobe.com,Female,8/13/2014
Tina,Mendoza,tmendozan2@ibm.com,Male,2/16/2016
Alice,Simpson,asimpsonn3@senate.gov,Male,5/6/2015
Debra,Kennedy,dkennedyn4@theatlantic.com,Female,4/5/2014
Michelle,Ford,mfordn5@addthis.com,Male,5/26/2016
Alice,Parker,aparkern6@nsw.gov.au,Female,2/7/2015
Julie,Welch,jwelchn7@feedburner.com,Male,1/14/2016
Deborah,Dixon,ddixonn8@cbslocal.com,Male,12/7/2014
Martha,Robertson,mrobertsonn9@twitpic.com,Male,4/15/2015
Teresa,Murray,tmurrayna@creativecommons.org,Female,8/18/2016
Helen,Fuller,hfullernb@wikispaces.com,Male,8/6/2014
Kathleen,Cox,kcoxnc@de.vu,Female,5/24/2014
Michelle,Allen,mallennd@hhs.gov,Female,5/18/2015
Christina,Mcdonald,cmcdonaldne@sciencedaily.com,Male,3/24/2015
Irene,Dixon,idixonnf@1und1.de,Male,6/7/2014
Tina,Watkins,twatkinsng@dailymotion.com,Male,4/1/2015
Teresa,Nichols,tnicholsnh@furl.net,Male,7/9/2014
Rose,Parker,rparkerni@dell.com,Male,12/10/2014
Tammy,Bailey,tbaileynj@posterous.com,Female,4/16/2016
Gloria,Hill,ghillnk@reference.com,Male,8/22/2016
Shirley,Boyd,sboydnl@sphinn.com,Male,4/9/2016
Janice,Wheeler,jwheelernm@tinyurl.com,Male,8/23/2015
Marie,Arnold,marnoldnn@quantcast.com,Female,8/26/2014
Norma,Marshall,nmarshallno@toplist.cz,Female,11/15/2014
Margaret,Wood,mwoodnp@ca.gov,Male,11/25/2014
Amanda,Woods,awoodsnq@state.gov,Female,7/31/2014
Nancy,Alvarez,nalvareznr@nationalgeographic.com,Male,4/1/2014
Virginia,Gonzalez,vgonzalezns@sitemeter.com,Female,8/30/2016
Betty,Gutierrez,bgutierreznt@furl.net,Female,3/18/2015
Norma,Simpson,nsimpsonnu@facebook.com,Male,3/22/2014
Jennifer,Gonzales,jgonzalesnv@fotki.com,Male,6/23/2014
Tina,Reed,treednw@goo.gl,Female,11/6/2015
Carolyn,Frazier,cfraziernx@yale.edu,Male,9/15/2016
Jennifer,Fields,jfieldsny@dailymotion.com,Female,4/25/2014
Kelly,Tucker,ktuckernz@slate.com,Male,12/28/2014
Laura,Hansen,lhanseno0@sohu.com,Female,9/30/2016
Susan,Gray,sgrayo1@xrea.com,Female,2/10/2016
Diana,Spencer,dspencero2@newyorker.com,Male,4/3/2016
Emily,Stone,estoneo3@umich.edu,Male,11/25/2015
Evelyn,Olson,eolsono4@parallels.com,Female,8/2/2016
Helen,Riley,hrileyo5@bigcartel.com,Male,1/23/2015
Judy,Gardner,jgardnero6@tmall.com,Male,6/26/2014
Denise,Burns,dburnso7@pinterest.com,Female,4/18/2014
Robin,Warren,rwarreno8@comcast.net,Male,2/3/2015
Robin,Johnston,rjohnstono9@mail.ru,Female,6/30/2015
Cheryl,Moreno,cmorenooa@who.int,Male,7/31/2014
Marie,Murray,mmurrayob@scribd.com,Male,6/17/2014
Gloria,Chavez,gchavezoc@netlog.com,Female,4/10/2014
Jean,Patterson,jpattersonod@bing.com,Female,8/19/2016
Jane,Hansen,jhansenoe@bloglovin.com,Female,3/9/2014
Louise,Torres,ltorresof@weibo.com,Male,11/26/2015
Norma,Hansen,nhansenog@cdc.gov,Female,5/26/2016
Kimberly,Green,kgreenoh@indiatimes.com,Female,6/14/2016
Julia,Taylor,jtayloroi@fema.gov,Male,7/29/2015
Ruth,Cook,rcookoj@bloglines.com,Female,5/31/2016
Ashley,Simpson,asimpsonok@drupal.org,Male,4/3/2014
Judith,Robinson,jrobinsonol@booking.com,Male,1/27/2016
Martha,Olson,molsonom@umich.edu,Female,12/26/2014
Karen,Johnson,kjohnsonon@amazon.de,Male,3/8/2016
Amy,Carter,acarteroo@wiley.com,Male,8/10/2014
Cynthia,Hamilton,chamiltonop@marriott.com,Male,5/22/2016
Rachel,Harvey,rharveyoq@kickstarter.com,Female,8/1/2016
Julia,Cooper,jcooperor@ebay.com,Female,9/26/2014
Betty,Hansen,bhansenos@bravesites.com,Male,9/27/2016
Elizabeth,Campbell,ecampbellot@umn.edu,Male,5/21/2016
Betty,Scott,bscottou@nydailynews.com,Male,8/15/2014
Kathy,Bell,kbellov@cafepress.com,Female,12/31/2014
Cheryl,Gardner,cgardnerow@engadget.com,Male,2/7/2015
Evelyn,White,ewhiteox@theguardian.com,Female,4/25/2015
Wanda,Lynch,wlynchoy@huffingtonpost.com,Male,4/15/2014
Barbara,Riley,brileyoz@wordpress.com,Female,12/10/2015
Kathy,Morrison,kmorrisonp0@pagesperso-orange.fr,Female,2/3/2016
Wanda,Snyder,wsnyderp1@google.it,Female,12/11/2014
Karen,Moreno,kmorenop2@desdev.cn,Female,1/3/2016
Rose,Bryant,rbryantp3@tumblr.com,Female,7/26/2014
Anna,Griffin,agriffinp4@uiuc.edu,Male,1/10/2015
Paula,Diaz,pdiazp5@google.ca,Female,2/4/2016
Tammy,Boyd,tboydp6@people.com.cn,Female,7/22/2014
Catherine,Williamson,cwilliamsonp7@intel.com,Female,9/17/2016
Diana,Perez,dperezp8@comsenz.com,Female,1/15/2015
Julie,Hansen,jhansenp9@mashable.com,Female,2/12/2016
Kathryn,Richards,krichardspa@walmart.com,Male,7/29/2015
Ruby,Morris,rmorrispb@bloglines.com,Female,9/8/2015
Laura,Hernandez,lhernandezpc@goo.gl,Male,3/25/2016
Lisa,Warren,lwarrenpd@shutterfly.com,Female,12/26/2015
Amy,Robertson,arobertsonpe@cpanel.net,Male,7/1/2016
Sharon,Hicks,shickspf@dropbox.com,Male,6/29/2014
Ruth,Weaver,rweaverpg@infoseek.co.jp,Female,6/6/2016
Angela,Williams,awilliamsph@latimes.com,Female,3/17/2015
Ashley,Gray,agraypi@prlog.org,Male,2/12/2016
Linda,Black,lblackpj@google.co.jp,Female,11/30/2015
Ruby,Cole,rcolepk@seesaa.net,Male,12/9/2014
Joyce,Long,jlongpl@slashdot.org,Female,4/13/2016
Wanda,Sanders,wsanderspm@dailymail.co.uk,Female,8/28/2014
Louise,Grant,lgrantpn@usa.gov,Male,2/1/2016
Kimberly,Edwards,kedwardspo@pen.io,Male,6/3/2014
Kathleen,Sims,ksimspp@discuz.net,Female,4/13/2016
Angela,Wheeler,awheelerpq@theguardian.com,Female,9/10/2016
Kathleen,Brown,kbrownpr@eepurl.com,Female,9/2/2014
Lori,Jackson,ljacksonps@hc360.com,Female,10/24/2015
Heather,Kennedy,hkennedypt@dion.ne.jp,Female,1/1/2016
Robin,Thompson,rthompsonpu@google.com.hk,Female,11/15/2014
Anna,Murphy,amurphypv@utexas.edu,Female,8/23/2016
Mildred,Hill,mhillpw@techcrunch.com,Male,3/18/2014
Doris,Alexander,dalexanderpx@fastcompany.com,Male,8/16/2014
Catherine,Hughes,chughespy@reverbnation.com,Female,10/3/2014
Amy,Butler,abutlerpz@google.nl,Female,1/21/2016
Marie,Morgan,mmorganq0@wordpress.org,Male,3/4/2016
Phyllis,Patterson,ppattersonq1@amazon.de,Female,5/1/2014
Nicole,Bennett,nbennettq2@theatlantic.com,Male,6/17/2015
Frances,Griffin,fgriffinq3@people.com.cn,Female,9/17/2016
Kathryn,Pierce,kpierceq4@dedecms.com,Male,10/24/2014
Sarah,Gonzales,sgonzalesq5@nasa.gov,Male,9/22/2015
Dorothy,Rose,droseq6@tmall.com,Female,5/4/2016
Laura,Thomas,lthomasq7@hp.com,Female,2/28/2016
Rose,Campbell,rcampbellq8@quantcast.com,Male,7/22/2015
Lillian,Shaw,lshawq9@naver.com,Male,6/23/2016
Ann,Stone,astoneqa@japanpost.jp,Female,2/16/2016
Linda,Woods,lwoodsqb@flavors.me,Female,6/29/2014
Mary,Ward,mwardqc@dailymotion.com,Male,5/3/2016
Jessica,Rogers,jrogersqd@yale.edu,Male,5/8/2015
Melissa,Rodriguez,mrodriguezqe@japanpost.jp,Male,5/30/2016
Janice,Moore,jmooreqf@zdnet.com,Female,8/26/2014
Shirley,Cole,scoleqg@adobe.com,Female,4/24/2016
Rebecca,Mitchell,rmitchellqh@telegraph.co.uk,Male,3/25/2015
Cheryl,Evans,cevansqi@e-recht24.de,Male,11/7/2015
Donna,Burns,dburnsqj@bigcartel.com,Male,1/16/2015
Tammy,Taylor,ttaylorqk@ucla.edu,Male,2/16/2015
Laura,Knight,lknightql@sourceforge.net,Female,3/29/2014
Ann,Lopez,alopezqm@rediff.com,Male,10/18/2014
Shirley,Gilbert,sgilbertqn@sbwire.com,Female,5/9/2015
Betty,Ellis,bellisqo@bloglines.com,Female,8/15/2016
Laura,Garza,lgarzaqp@hc360.com,Female,8/23/2015
Jennifer,Howell,jhowellqq@yolasite.com,Male,12/14/2015
Frances,Phillips,fphillipsqr@pen.io,Male,3/12/2016
Julie,Boyd,jboydqs@google.com,Male,2/21/2016
Kelly,Gonzalez,kgonzalezqt@unesco.org,Male,9/16/2014
Kathleen,Palmer,kpalmerqu@wordpress.org,Female,2/18/2016
Bonnie,Rivera,briveraqv@exblog.jp,Female,6/28/2014
Patricia,Reyes,preyesqw@amazon.co.jp,Male,7/9/2016
Jean,Jackson,jjacksonqx@google.com.hk,Female,5/30/2016
Judith,Mccoy,jmccoyqy@squidoo.com,Female,5/26/2014
Lois,Peterson,lpetersonqz@paginegialle.it,Male,5/9/2016
Mary,Clark,mclarkr0@dagondesign.com,Male,7/6/2015
Irene,Rivera,iriverar1@studiopress.com,Male,3/12/2015
Emily,Coleman,ecolemanr2@oaic.gov.au,Male,5/25/2014
Wanda,Hamilton,whamiltonr3@woothemes.com,Female,9/5/2015
Rebecca,Perkins,rperkinsr4@miibeian.gov.cn,Male,3/9/2014
Robin,Carr,rcarrr5@weather.com,Female,9/7/2014
Catherine,Riley,crileyr6@dot.gov,Female,5/28/2015
Martha,Rodriguez,mrodriguezr7@yahoo.co.jp,Female,9/11/2016
Rachel,Bishop,rbishopr8@google.de,Male,9/7/2016
Christina,Bradley,cbradleyr9@nsw.gov.au,Male,3/8/2015
Stephanie,Boyd,sboydra@si.edu,Female,9/13/2014
Rose,Mendoza,rmendozarb@nymag.com,Female,10/15/2014
Shirley,Ross,srossrc@icio.us,Male,4/12/2016
Sarah,Howell,showellrd@nhs.uk,Male,3/3/2016
Diane,Grant,dgrantre@webs.com,Male,2/20/2016
Rachel,Palmer,rpalmerrf@toplist.cz,Male,9/12/2014
Susan,Harper,sharperrg@naver.com,Female,9/26/2014
Kimberly,Dixon,kdixonrh@twitpic.com,Male,7/20/2016
Jacqueline,Bradley,jbradleyri@histats.com,Female,5/2/2014
Evelyn,Diaz,ediazrj@census.gov,Male,7/28/2014
Frances,Hunter,fhunterrk@ted.com,Female,8/28/2014
Sharon,Webb,swebbrl@washington.edu,Male,2/17/2015
Carol,Dunn,cdunnrm@comsenz.com,Female,2/9/2016
Kathy,Cook,kcookrn@globo.com,Male,12/1/2015
Patricia,Long,plongro@histats.com,Male,12/31/2014
Virginia,Ryan,vryanrp@home.pl,Male,2/8/2016
Rose,Henderson,rhendersonrq@barnesandnoble.com,Male,8/2/2016
Slamo,Zinsarf,jtaylorrr@nsw.gov.au,Male,7/17/2014
